loan_id,customer_id,loan_amount,term,interest_rate,monthly_income,credit_score,employment_status,loan_purpose,num_previous_loans,default_history,loan_default
L1000,C5000,16795,12,9.92,16577,601,Self-Employed,Medical,1,3,1
L1001,C5001,1860,12,8.21,794,830,Unemployed,Education,0,3,0
L1002,C5002,39158,60,8.73,10677,517,Self-Employed,Home Improvement,4,2,1
L1003,C5003,45732,48,10.7,10382,401,Self-Employed,Business,1,1,0
L1004,C5004,12284,36,8.47,1636,587,Unemployed,Home Improvement,1,0,0
L1005,C5005,7265,12,22.94,2564,466,Employed,Personal,6,4,1
L1006,C5006,17850,36,6.6,7509,335,Unemployed,Personal,7,4,0
L1007,C5007,38194,12,15.49,13487,652,Self-Employed,Personal,9,1,0
L1008,C5008,22962,12,13.21,5043,372,Self-Employed,Home Improvement,7,3,0
L1009,C5009,48191,24,24.65,1507,652,Unemployed,Medical,3,0,0
L1010,C5010,45131,12,7.24,5945,369,Employed,Business,0,4,0
L1011,C5011,17023,6,12.96,11206,724,Employed,Personal,6,4,1
L1012,C5012,42090,48,24.39,15249,816,Self-Employed,Personal,0,3,0
L1013,C5013,2685,48,22.31,12218,727,Self-Employed,Personal,3,1,0
L1014,C5014,1769,36,21.34,9939,838,Employed,Business,7,0,0
L1015,C5015,3433,12,10.16,13781,459,Unemployed,Personal,1,1,0
L1016,C5016,6311,6,8.42,1935,448,Self-Employed,Business,5,1,0
L1017,C5017,38819,36,18.37,1071,529,Employed,Personal,5,0,0
L1018,C5018,40188,24,23.59,2882,366,Self-Employed,Home Improvement,8,0,0
L1019,C5019,18568,36,16.14,5584,680,Unemployed,Home Improvement,4,4,0
L1020,C5020,20769,36,16.43,17161,357,Employed,Business,9,4,0
L1021,C5021,29693,12,10.6,14007,558,Self-Employed,Home Improvement,3,0,0
L1022,C5022,7396,24,20.39,7559,641,Unemployed,Business,4,2,1
L1023,C5023,28480,36,8.74,18771,429,Self-Employed,Home Improvement,9,4,1
L1024,C5024,42434,6,11.47,13271,471,Unemployed,Home Improvement,4,2,0
L1025,C5025,26658,6,13.51,18149,508,Unemployed,Business,7,0,1
L1026,C5026,19942,48,15.15,7991,653,Employed,Medical,9,4,1
L1027,C5027,19431,24,9.85,15027,770,Unemployed,Home Improvement,7,1,0
L1028,C5028,3747,24,7.3,17924,415,Self-Employed,Personal,1,0,0
L1029,C5029,1189,48,17.21,15359,563,Unemployed,Medical,6,3,1
L1030,C5030,20118,36,10.77,8573,741,Unemployed,Business,7,2,1
L1031,C5031,36773,24,16.62,9577,847,Employed,Medical,5,0,0
L1032,C5032,2899,6,8.09,19636,752,Unemployed,Education,4,0,1
L1033,C5033,2267,6,14.62,11883,776,Unemployed,Education,8,4,0
L1034,C5034,32551,12,15.65,16878,586,Self-Employed,Home Improvement,2,4,1
L1035,C5035,12394,24,6.04,2853,602,Employed,Home Improvement,9,4,1
L1036,C5036,4556,36,11.73,5299,610,Employed,Personal,3,3,0
L1037,C5037,4890,48,7.69,17570,507,Employed,Medical,8,4,1
L1038,C5038,42606,48,6.27,12439,745,Unemployed,Education,5,0,0
L1039,C5039,31740,36,24.8,2928,354,Employed,Home Improvement,7,4,0
L1040,C5040,15502,60,11.45,11796,311,Unemployed,Medical,6,1,1
L1041,C5041,22777,12,21.2,8313,699,Unemployed,Home Improvement,1,4,0
L1042,C5042,11627,48,10.09,14914,814,Self-Employed,Home Improvement,2,3,0
L1043,C5043,9792,24,18.63,12301,841,Self-Employed,Education,0,1,0
L1044,C5044,44323,12,20.2,12245,536,Self-Employed,Education,8,0,0
L1045,C5045,44021,24,16.91,13525,578,Self-Employed,Home Improvement,6,0,0
L1046,C5046,9433,6,14.43,3856,647,Self-Employed,Business,0,2,1
L1047,C5047,44001,12,13.24,14788,403,Unemployed,Home Improvement,2,1,0
L1048,C5048,12016,48,11.98,7040,816,Unemployed,Home Improvement,3,2,0
L1049,C5049,24897,12,23.59,16922,547,Employed,Personal,3,1,0
L1050,C5050,3612,12,21.61,3842,663,Unemployed,Personal,4,1,1
L1051,C5051,24483,12,24.3,9578,620,Unemployed,Personal,2,3,1
L1052,C5052,49555,60,7.49,3344,585,Self-Employed,Business,2,2,1
L1053,C5053,18159,12,19.62,10896,448,Unemployed,Business,0,3,1
L1054,C5054,45974,24,23.77,17982,383,Self-Employed,Home Improvement,6,1,1
L1055,C5055,41994,6,8.62,18707,705,Employed,Personal,9,0,0
L1056,C5056,15541,36,6.33,14498,755,Employed,Business,0,1,0
L1057,C5057,36920,12,19.82,13761,460,Unemployed,Education,1,3,0
L1058,C5058,27531,48,16.49,3593,759,Employed,Home Improvement,3,2,1
L1059,C5059,2585,12,21.84,12222,849,Unemployed,Medical,3,2,1
L1060,C5060,4943,48,7.8,19780,799,Employed,Home Improvement,4,3,0
L1061,C5061,24939,24,20.91,12145,808,Self-Employed,Medical,1,2,1
L1062,C5062,20457,48,9.03,15583,780,Self-Employed,Personal,3,4,0
L1063,C5063,2021,36,8.27,1488,413,Self-Employed,Medical,0,0,0
L1064,C5064,12653,6,8.29,6946,660,Self-Employed,Personal,1,0,0
L1065,C5065,44573,48,21.29,16835,640,Unemployed,Education,0,0,0
L1066,C5066,14417,48,18.3,16633,748,Employed,Medical,9,2,0
L1067,C5067,41757,6,15.46,2182,479,Unemployed,Home Improvement,9,2,0
L1068,C5068,10692,36,12.18,6126,706,Self-Employed,Personal,3,1,0
L1069,C5069,46758,12,22.54,7924,495,Unemployed,Home Improvement,3,1,0
L1070,C5070,7873,48,12.85,13357,765,Employed,Business,6,0,1
L1071,C5071,6675,6,21.33,12655,610,Unemployed,Personal,9,4,1
L1072,C5072,1161,24,13.78,17817,561,Employed,Medical,8,1,1
L1073,C5073,38065,6,12.54,11925,718,Unemployed,Personal,8,1,0
L1074,C5074,27557,24,14.25,2480,705,Employed,Home Improvement,4,2,0
L1075,C5075,34763,36,11.03,16022,442,Employed,Education,9,4,1
L1076,C5076,33606,12,19.95,19940,641,Self-Employed,Personal,0,0,0
L1077,C5077,12534,6,15.05,9484,615,Employed,Medical,0,1,0
L1078,C5078,30127,60,9.64,17675,400,Self-Employed,Business,5,4,0
L1079,C5079,41397,48,22.99,16383,543,Self-Employed,Education,1,4,0
L1080,C5080,26851,36,12.68,5890,789,Self-Employed,Business,7,0,0
L1081,C5081,2016,6,15.87,19139,311,Unemployed,Personal,8,4,0
L1082,C5082,25253,48,23.13,2107,538,Unemployed,Home Improvement,3,4,0
L1083,C5083,25276,6,17.48,7073,341,Unemployed,Home Improvement,4,4,0
L1084,C5084,24247,24,7.34,17868,728,Unemployed,Medical,7,1,0
L1085,C5085,25300,6,23.8,6276,457,Employed,Home Improvement,2,0,0
L1086,C5086,9529,60,17.55,4176,515,Employed,Education,4,4,0
L1087,C5087,18262,6,11.7,3880,761,Unemployed,Home Improvement,2,4,0
L1088,C5088,10268,6,7.79,9211,433,Employed,Medical,9,1,0
L1089,C5089,22271,60,20.88,9282,366,Employed,Personal,2,0,0
L1090,C5090,13185,36,17.4,17934,306,Self-Employed,Personal,2,2,0
L1091,C5091,22243,6,15.67,14497,825,Self-Employed,Home Improvement,6,1,0
L1092,C5092,40099,60,22.88,6842,372,Self-Employed,Business,6,0,0
L1093,C5093,9571,48,20.77,17843,698,Self-Employed,Personal,6,4,1
L1094,C5094,40976,24,8.03,6559,704,Employed,Home Improvement,9,0,0
L1095,C5095,39044,24,11.23,9384,429,Unemployed,Medical,7,0,0
L1096,C5096,49984,6,9.97,6155,765,Employed,Home Improvement,4,0,0
L1097,C5097,41774,36,19.88,12591,505,Employed,Personal,4,2,0
L1098,C5098,3568,36,5.67,19830,565,Employed,Medical,3,0,0
L1099,C5099,3027,48,16.4,15751,836,Self-Employed,Home Improvement,6,2,0
L1100,C5100,3695,6,20.25,1026,552,Self-Employed,Education,9,4,1
L1101,C5101,49190,24,22.54,3724,588,Self-Employed,Medical,3,2,0
L1102,C5102,6258,36,11.84,15569,463,Unemployed,Education,1,4,0
L1103,C5103,23002,6,21.43,12036,394,Employed,Business,3,4,0
L1104,C5104,40504,36,7.21,14047,409,Unemployed,Medical,7,2,1
L1105,C5105,34159,60,21.93,18759,635,Self-Employed,Education,8,1,0
L1106,C5106,14986,36,7.55,2263,537,Unemployed,Personal,2,3,1
L1107,C5107,13666,24,12.95,9212,680,Employed,Personal,6,0,0
L1108,C5108,39660,12,20.95,6297,735,Employed,Business,8,3,1
L1109,C5109,4561,48,8.0,9708,782,Self-Employed,Medical,3,0,1
L1110,C5110,27854,48,9.59,5609,324,Self-Employed,Medical,9,0,0
L1111,C5111,39952,24,19.45,17000,416,Unemployed,Medical,2,4,0
L1112,C5112,23662,36,19.4,2933,781,Self-Employed,Business,4,0,0
L1113,C5113,9392,6,17.82,17467,691,Self-Employed,Medical,0,0,0
L1114,C5114,31535,36,18.88,4667,836,Employed,Personal,2,2,1
L1115,C5115,14067,24,15.85,18273,378,Self-Employed,Education,7,3,0
L1116,C5116,49033,48,10.04,8857,472,Self-Employed,Personal,7,2,0
L1117,C5117,24599,36,11.91,6654,311,Employed,Personal,3,0,0
L1118,C5118,36222,48,8.63,9420,427,Employed,Education,1,4,1
L1119,C5119,12837,6,23.17,18927,391,Unemployed,Personal,7,2,0
L1120,C5120,15039,48,16.67,17662,842,Self-Employed,Business,7,2,0
L1121,C5121,31818,48,13.02,713,831,Employed,Education,9,1,0
L1122,C5122,20115,12,14.24,4262,746,Unemployed,Personal,3,0,1
L1123,C5123,11965,12,23.95,13899,689,Unemployed,Home Improvement,2,4,0
L1124,C5124,25538,60,8.07,10268,342,Self-Employed,Personal,1,2,0
L1125,C5125,43530,12,16.72,11140,553,Self-Employed,Business,8,2,0
L1126,C5126,6056,48,15.12,7231,429,Unemployed,Medical,0,4,0
L1127,C5127,33482,24,17.23,6291,359,Employed,Personal,6,0,0
L1128,C5128,48716,48,5.36,16322,766,Unemployed,Medical,4,1,1
L1129,C5129,9110,24,22.44,9283,586,Self-Employed,Home Improvement,7,2,1
L1130,C5130,14773,24,23.64,14121,816,Employed,Personal,3,1,0
L1131,C5131,28266,12,16.3,16519,766,Employed,Education,6,3,1
L1132,C5132,18412,36,18.93,3220,644,Unemployed,Medical,4,0,0
L1133,C5133,34270,6,23.45,9405,681,Self-Employed,Home Improvement,4,3,1
L1134,C5134,7910,12,19.14,9627,552,Unemployed,Education,8,3,1
L1135,C5135,46453,12,8.05,16885,355,Unemployed,Education,8,3,0
L1136,C5136,26446,36,16.53,6868,762,Unemployed,Education,8,0,1
L1137,C5137,1206,6,17.13,14556,756,Employed,Education,5,0,0
L1138,C5138,22518,48,13.48,12736,382,Employed,Personal,5,4,0
L1139,C5139,23361,60,19.73,18833,398,Self-Employed,Personal,4,1,0
L1140,C5140,24419,60,23.69,14951,448,Self-Employed,Personal,8,1,0
L1141,C5141,49702,48,23.51,17801,628,Unemployed,Home Improvement,9,4,1
L1142,C5142,42523,12,14.02,10933,455,Unemployed,Home Improvement,7,4,1
L1143,C5143,46151,6,7.26,16025,489,Unemployed,Home Improvement,6,3,0
L1144,C5144,23403,12,24.7,589,793,Self-Employed,Business,6,4,1
L1145,C5145,19141,24,21.78,18593,562,Employed,Home Improvement,5,2,1
L1146,C5146,15820,12,7.49,10861,379,Employed,Personal,4,1,0
L1147,C5147,41342,12,23.42,16869,699,Unemployed,Personal,3,4,0
L1148,C5148,7374,48,22.4,3541,559,Unemployed,Business,2,2,0
L1149,C5149,2678,48,15.38,605,400,Unemployed,Business,2,2,0
L1150,C5150,34827,48,16.83,9578,658,Unemployed,Home Improvement,5,2,1
L1151,C5151,17198,60,12.98,18779,679,Self-Employed,Medical,3,2,0
L1152,C5152,10914,24,6.1,6590,520,Employed,Business,5,3,1
L1153,C5153,28890,48,11.7,6582,719,Unemployed,Education,2,2,0
L1154,C5154,23299,6,21.06,17518,423,Self-Employed,Personal,3,3,0
L1155,C5155,44585,60,5.09,2425,721,Unemployed,Education,8,3,0
L1156,C5156,44689,36,11.67,18940,530,Unemployed,Personal,4,2,0
L1157,C5157,43557,6,12.96,7417,362,Employed,Personal,6,1,0
L1158,C5158,45020,6,15.75,1052,784,Unemployed,Business,9,2,0
L1159,C5159,3693,48,23.4,4411,782,Employed,Business,1,2,0
L1160,C5160,30467,36,11.93,3889,818,Employed,Education,4,2,0
L1161,C5161,30723,36,11.94,14129,454,Employed,Personal,8,1,0
L1162,C5162,47699,60,19.75,2930,391,Self-Employed,Education,2,0,1
L1163,C5163,4627,36,14.04,958,825,Self-Employed,Medical,8,0,0
L1164,C5164,26939,24,9.49,13895,754,Employed,Education,5,3,0
L1165,C5165,49925,48,14.05,707,809,Unemployed,Home Improvement,3,3,0
L1166,C5166,43941,36,7.82,1399,482,Employed,Education,6,1,0
L1167,C5167,22834,60,8.53,12153,685,Unemployed,Home Improvement,7,4,1
L1168,C5168,19047,24,14.97,16905,704,Employed,Home Improvement,5,0,0
L1169,C5169,27105,12,13.38,9101,545,Unemployed,Home Improvement,4,3,0
L1170,C5170,11230,12,23.3,1394,770,Self-Employed,Medical,5,0,1
L1171,C5171,16707,24,12.25,1014,722,Unemployed,Education,4,1,0
L1172,C5172,22976,60,16.61,4609,364,Employed,Education,7,1,0
L1173,C5173,45262,24,17.65,13758,312,Self-Employed,Medical,0,4,0
L1174,C5174,24776,48,5.26,15813,512,Unemployed,Personal,6,4,0
L1175,C5175,31080,48,18.27,15849,541,Unemployed,Business,9,1,0
L1176,C5176,2306,12,8.56,7679,792,Unemployed,Education,9,3,0
L1177,C5177,7776,36,24.22,10826,512,Unemployed,Business,1,0,1
L1178,C5178,28251,60,7.97,12287,637,Unemployed,Medical,8,2,1
L1179,C5179,10474,12,13.29,2060,472,Self-Employed,Personal,0,4,0
L1180,C5180,41294,36,6.71,14112,463,Self-Employed,Personal,9,2,0
L1181,C5181,22959,36,24.94,18150,764,Self-Employed,Personal,5,3,1
L1182,C5182,6530,48,15.04,5280,796,Self-Employed,Medical,8,4,0
L1183,C5183,30320,6,16.91,18811,694,Employed,Home Improvement,0,2,1
L1184,C5184,4748,6,6.34,12394,607,Self-Employed,Home Improvement,3,3,1
L1185,C5185,32968,24,20.0,2856,482,Unemployed,Business,3,0,1
L1186,C5186,33562,48,9.2,5290,809,Unemployed,Home Improvement,8,3,0
L1187,C5187,14545,36,22.96,17190,845,Self-Employed,Home Improvement,4,4,0
L1188,C5188,1663,60,9.1,10681,526,Unemployed,Personal,4,1,0
L1189,C5189,35766,6,8.81,7557,735,Self-Employed,Personal,5,0,1
L1190,C5190,8994,36,5.73,16582,721,Unemployed,Business,0,2,0
L1191,C5191,29021,6,14.44,1161,320,Employed,Education,0,4,1
L1192,C5192,31303,6,16.3,5144,696,Employed,Business,8,1,0
L1193,C5193,4304,6,6.31,16211,404,Self-Employed,Business,2,3,0
L1194,C5194,47576,60,20.51,3420,491,Self-Employed,Medical,3,1,0
L1195,C5195,40353,48,14.07,16502,316,Self-Employed,Medical,0,4,0
L1196,C5196,18675,60,15.49,14525,419,Unemployed,Business,8,4,0
L1197,C5197,45417,12,13.82,9446,692,Self-Employed,Business,7,1,0
L1198,C5198,24938,36,13.02,13232,724,Employed,Business,1,3,1
L1199,C5199,24664,48,16.19,6736,428,Unemployed,Home Improvement,7,1,0
L1200,C5200,2636,48,8.1,16809,429,Self-Employed,Medical,6,4,0
L1201,C5201,21080,48,8.64,14018,328,Unemployed,Business,5,4,0
L1202,C5202,28728,48,22.24,852,396,Unemployed,Personal,0,2,1
L1203,C5203,27736,60,23.92,7505,309,Self-Employed,Personal,6,2,1
L1204,C5204,29673,48,12.47,14536,541,Unemployed,Home Improvement,9,0,0
L1205,C5205,38505,24,10.41,17042,531,Employed,Home Improvement,6,4,1
L1206,C5206,48323,36,17.88,1456,583,Employed,Education,8,2,1
L1207,C5207,47645,48,13.17,2571,499,Unemployed,Education,0,1,0
L1208,C5208,1854,36,5.51,9095,378,Self-Employed,Education,1,3,0
L1209,C5209,25548,24,8.12,15640,472,Unemployed,Home Improvement,8,1,0
L1210,C5210,39623,24,19.32,13303,766,Employed,Home Improvement,8,3,0
L1211,C5211,8392,36,18.18,3953,715,Unemployed,Home Improvement,5,2,1
L1212,C5212,47717,6,5.54,7175,748,Unemployed,Personal,5,0,0
L1213,C5213,22556,12,9.44,1455,386,Employed,Home Improvement,3,1,1
L1214,C5214,39559,6,9.62,6795,400,Unemployed,Personal,3,1,0
L1215,C5215,27309,6,18.44,16421,307,Unemployed,Education,4,1,0
L1216,C5216,22919,60,5.39,18596,499,Self-Employed,Education,2,3,0
L1217,C5217,5931,6,7.08,15782,804,Self-Employed,Education,0,2,0
L1218,C5218,33970,48,21.0,5203,386,Employed,Business,0,1,1
L1219,C5219,45215,60,8.57,7063,342,Employed,Business,6,1,1
L1220,C5220,13688,60,18.05,12503,684,Employed,Medical,0,0,0
L1221,C5221,26342,24,9.76,11317,734,Self-Employed,Medical,0,0,0
L1222,C5222,38157,6,6.99,11671,707,Employed,Medical,2,2,0
L1223,C5223,3327,24,9.86,13082,782,Employed,Business,9,2,0
L1224,C5224,41772,36,19.45,12701,316,Employed,Business,3,4,0
L1225,C5225,41545,12,22.11,18278,447,Self-Employed,Medical,3,0,0
L1226,C5226,1197,60,21.6,12973,576,Unemployed,Medical,1,4,0
L1227,C5227,24509,36,12.94,9961,531,Employed,Home Improvement,0,3,1
L1228,C5228,35698,36,18.36,16096,665,Unemployed,Medical,2,4,0
L1229,C5229,45542,48,9.1,1029,527,Employed,Home Improvement,3,1,0
L1230,C5230,16087,12,10.86,19842,735,Unemployed,Personal,2,4,0
L1231,C5231,23671,36,22.93,13265,698,Self-Employed,Business,7,2,0
L1232,C5232,26184,36,5.26,14410,510,Self-Employed,Medical,9,3,0
L1233,C5233,28848,12,6.71,12061,690,Employed,Business,0,1,1
L1234,C5234,43107,12,9.16,9631,798,Unemployed,Business,1,4,1
L1235,C5235,21666,36,5.53,1025,839,Self-Employed,Business,6,3,0
L1236,C5236,45357,12,8.63,16885,790,Employed,Personal,3,3,0
L1237,C5237,16708,36,16.66,874,741,Employed,Education,7,1,0
L1238,C5238,27370,36,13.43,12697,560,Self-Employed,Medical,2,4,1
L1239,C5239,3811,48,22.85,5148,649,Self-Employed,Education,5,3,0
L1240,C5240,48011,6,21.35,2865,651,Employed,Education,8,3,0
L1241,C5241,7546,36,11.84,18409,819,Unemployed,Education,0,0,0
L1242,C5242,35754,24,10.19,2146,619,Unemployed,Business,0,3,0
L1243,C5243,31206,60,12.59,513,437,Unemployed,Home Improvement,7,0,0
L1244,C5244,42106,6,16.81,5099,849,Employed,Business,2,4,1
L1245,C5245,12411,6,10.36,2778,667,Self-Employed,Business,4,4,0
L1246,C5246,3911,6,17.48,14796,519,Employed,Education,0,4,0
L1247,C5247,2734,48,13.19,3655,636,Self-Employed,Business,4,2,0
L1248,C5248,19227,36,16.04,8821,522,Unemployed,Education,5,4,1
L1249,C5249,9680,48,13.72,4314,659,Unemployed,Home Improvement,7,3,1
L1250,C5250,20360,36,10.89,13625,628,Self-Employed,Medical,2,1,0
L1251,C5251,19343,48,23.97,3716,762,Self-Employed,Education,2,0,1
L1252,C5252,6759,48,20.27,2613,681,Employed,Home Improvement,9,2,0
L1253,C5253,24078,60,7.8,10738,468,Unemployed,Medical,8,4,0
L1254,C5254,36153,24,22.37,14260,516,Employed,Personal,3,4,0
L1255,C5255,12111,48,14.75,13088,677,Employed,Education,3,1,0
L1256,C5256,38504,60,22.89,3874,418,Employed,Education,6,1,0
L1257,C5257,2802,12,21.0,6930,489,Unemployed,Personal,1,2,0
L1258,C5258,9155,24,13.5,19965,669,Employed,Personal,7,0,0
L1259,C5259,9120,48,5.45,12470,448,Employed,Education,5,4,1
L1260,C5260,40384,6,10.37,1129,787,Employed,Personal,2,2,0
L1261,C5261,48025,12,15.83,17153,673,Employed,Business,8,3,0
L1262,C5262,48254,12,17.67,11331,459,Employed,Medical,4,3,0
L1263,C5263,22918,60,10.16,6224,650,Employed,Medical,7,2,1
L1264,C5264,21445,12,7.79,11583,587,Unemployed,Medical,6,4,0
L1265,C5265,31306,24,21.7,13649,587,Employed,Business,7,2,0
L1266,C5266,17646,48,24.69,9972,525,Self-Employed,Personal,6,4,1
L1267,C5267,47843,48,15.51,6776,822,Employed,Home Improvement,2,1,0
L1268,C5268,32065,6,8.43,16135,821,Employed,Personal,1,2,0
L1269,C5269,26199,60,10.45,6395,572,Unemployed,Education,6,4,1
L1270,C5270,42976,6,5.37,14494,701,Unemployed,Medical,2,2,0
L1271,C5271,17371,12,23.29,11052,482,Self-Employed,Personal,2,2,0
L1272,C5272,12835,6,7.36,17459,787,Self-Employed,Home Improvement,1,4,0
L1273,C5273,46936,24,16.53,6599,423,Unemployed,Education,3,4,0
L1274,C5274,3049,48,10.48,9999,713,Unemployed,Business,7,0,0
L1275,C5275,32616,12,16.08,3678,471,Employed,Business,0,2,0
L1276,C5276,39191,6,18.03,19618,587,Unemployed,Home Improvement,0,3,0
L1277,C5277,48357,60,21.59,6616,734,Self-Employed,Education,4,2,0
L1278,C5278,21932,24,9.13,16063,412,Employed,Medical,4,2,1
L1279,C5279,30855,24,5.22,4068,421,Self-Employed,Personal,0,4,0
L1280,C5280,8158,6,7.74,10347,843,Employed,Education,5,2,0
L1281,C5281,44016,48,23.0,14635,521,Unemployed,Business,0,2,1
L1282,C5282,8400,6,22.48,19087,338,Self-Employed,Home Improvement,4,3,0
L1283,C5283,43642,12,16.95,18274,796,Employed,Home Improvement,8,4,0
L1284,C5284,16151,6,17.01,2242,532,Employed,Personal,4,2,1
L1285,C5285,2154,24,18.3,18809,829,Unemployed,Home Improvement,5,1,0
L1286,C5286,5499,6,8.51,1119,448,Unemployed,Home Improvement,7,0,0
L1287,C5287,7295,48,23.29,18158,696,Unemployed,Education,0,3,1
L1288,C5288,13183,60,13.38,17840,601,Self-Employed,Medical,1,2,0
L1289,C5289,30299,36,12.66,2439,659,Employed,Personal,8,1,0
L1290,C5290,13874,6,15.38,16501,537,Unemployed,Education,2,2,0
L1291,C5291,33711,48,5.94,1468,535,Self-Employed,Medical,5,2,0
L1292,C5292,6539,48,8.33,15346,502,Self-Employed,Education,4,4,0
L1293,C5293,43405,60,19.76,781,555,Self-Employed,Education,1,4,1
L1294,C5294,49354,24,6.66,15860,534,Unemployed,Home Improvement,6,4,0
L1295,C5295,3557,48,17.06,6762,644,Unemployed,Medical,3,1,1
L1296,C5296,39360,48,9.91,1558,833,Employed,Personal,0,2,0
L1297,C5297,17482,48,12.79,11224,765,Employed,Personal,3,0,1
L1298,C5298,3200,48,10.77,5678,840,Unemployed,Medical,5,3,1
L1299,C5299,47940,12,12.11,7480,512,Self-Employed,Home Improvement,6,4,0
L1300,C5300,3961,12,19.38,9700,762,Self-Employed,Business,6,4,0
L1301,C5301,47975,24,10.94,1729,735,Self-Employed,Education,6,2,0
L1302,C5302,22357,6,16.33,8967,582,Employed,Home Improvement,2,2,0
L1303,C5303,12969,48,14.52,19624,762,Self-Employed,Medical,5,1,1
L1304,C5304,3869,60,18.27,2789,706,Employed,Education,7,1,1
L1305,C5305,47760,6,23.74,1739,387,Employed,Personal,3,4,0
L1306,C5306,29643,60,19.65,5870,343,Self-Employed,Business,7,2,0
L1307,C5307,25736,6,9.3,16670,760,Self-Employed,Personal,1,0,0
L1308,C5308,39467,24,5.62,625,577,Unemployed,Medical,9,3,0
L1309,C5309,24328,48,10.25,13004,720,Unemployed,Education,8,2,0
L1310,C5310,26876,48,16.9,15898,652,Self-Employed,Medical,8,2,1
L1311,C5311,22295,36,6.03,7138,814,Employed,Education,7,1,1
L1312,C5312,4987,60,14.93,7070,318,Employed,Home Improvement,9,3,0
L1313,C5313,23399,6,16.94,3749,322,Employed,Business,9,4,0
L1314,C5314,47214,6,11.68,9610,712,Employed,Home Improvement,0,2,0
L1315,C5315,34986,12,20.42,8095,329,Employed,Home Improvement,1,4,0
L1316,C5316,21880,36,7.13,14105,407,Unemployed,Medical,5,2,0
L1317,C5317,5735,12,6.5,12615,666,Self-Employed,Business,9,4,0
L1318,C5318,45064,12,19.56,6794,580,Unemployed,Education,4,3,1
L1319,C5319,5555,12,14.91,6257,427,Employed,Education,8,1,0
L1320,C5320,42914,60,18.77,13095,528,Employed,Personal,4,3,0
L1321,C5321,41818,60,13.7,2469,410,Employed,Education,1,0,1
L1322,C5322,46525,24,9.93,11485,435,Employed,Medical,9,1,1
L1323,C5323,20830,24,21.38,17775,661,Self-Employed,Home Improvement,3,3,0
L1324,C5324,18429,12,20.99,4970,485,Employed,Home Improvement,8,0,0
L1325,C5325,7893,36,18.89,10725,428,Self-Employed,Home Improvement,0,2,0
L1326,C5326,15373,6,10.44,10056,560,Employed,Business,0,2,1
L1327,C5327,48333,60,16.8,9706,814,Self-Employed,Education,6,4,1
L1328,C5328,4436,36,12.22,10491,748,Unemployed,Medical,2,1,0
L1329,C5329,9754,48,6.83,8019,403,Employed,Business,9,2,0
L1330,C5330,11677,60,23.35,14169,782,Self-Employed,Personal,1,1,1
L1331,C5331,6895,60,7.74,5112,523,Unemployed,Medical,8,2,0
L1332,C5332,20738,24,24.0,12873,790,Employed,Medical,2,4,0
L1333,C5333,31746,6,13.92,18082,772,Employed,Medical,1,3,0
L1334,C5334,49404,6,8.7,16052,309,Employed,Home Improvement,7,4,0
L1335,C5335,33352,48,15.84,15146,704,Self-Employed,Medical,9,0,0
L1336,C5336,40790,48,22.46,5738,601,Self-Employed,Education,5,2,1
L1337,C5337,42919,60,19.64,16077,530,Unemployed,Medical,5,0,1
L1338,C5338,6600,12,21.13,16004,365,Self-Employed,Home Improvement,9,0,0
L1339,C5339,30124,24,18.18,4219,411,Self-Employed,Medical,6,1,0
L1340,C5340,28643,24,18.85,802,312,Employed,Personal,6,2,0
L1341,C5341,41764,60,21.98,12644,692,Employed,Personal,5,0,0
L1342,C5342,10007,36,9.99,17870,799,Employed,Home Improvement,3,3,0
L1343,C5343,46714,12,14.79,10555,533,Employed,Education,8,0,1
L1344,C5344,38410,60,9.42,4940,613,Employed,Education,5,3,0
L1345,C5345,45080,12,24.75,3572,311,Employed,Business,3,1,0
L1346,C5346,41447,12,23.88,14098,508,Employed,Home Improvement,2,0,0
L1347,C5347,9208,12,5.79,14787,313,Unemployed,Medical,3,4,1
L1348,C5348,19589,60,19.11,14465,717,Unemployed,Home Improvement,2,1,1
L1349,C5349,44484,24,23.5,10019,736,Unemployed,Business,1,3,1
L1350,C5350,18453,24,8.61,13880,676,Unemployed,Home Improvement,4,1,1
L1351,C5351,37212,12,16.36,12365,319,Employed,Home Improvement,1,0,0
L1352,C5352,44525,36,23.31,8625,369,Unemployed,Business,5,2,0
L1353,C5353,48202,6,5.68,3791,510,Employed,Education,2,2,0
L1354,C5354,33635,60,18.95,4533,400,Unemployed,Medical,5,3,0
L1355,C5355,34828,6,10.95,5605,431,Self-Employed,Business,9,3,0
L1356,C5356,19711,36,23.49,17587,680,Unemployed,Personal,8,2,0
L1357,C5357,4420,60,24.42,8633,431,Unemployed,Education,0,3,0
L1358,C5358,32216,12,23.89,17458,319,Employed,Personal,5,1,0
L1359,C5359,1301,24,14.48,6204,835,Unemployed,Education,8,4,0
L1360,C5360,46236,6,22.24,8348,526,Self-Employed,Medical,3,4,1
L1361,C5361,1699,48,21.89,13475,453,Employed,Medical,1,1,0
L1362,C5362,1190,48,11.38,7424,768,Employed,Home Improvement,3,4,0
L1363,C5363,11492,36,21.58,988,704,Unemployed,Personal,0,0,0
L1364,C5364,36743,12,5.74,7614,501,Employed,Education,2,1,0
L1365,C5365,7102,6,16.93,16240,337,Employed,Medical,9,3,0
L1366,C5366,20778,12,9.6,3673,487,Employed,Business,8,1,0
L1367,C5367,27641,6,7.41,2167,356,Employed,Medical,9,2,0
L1368,C5368,35584,36,6.54,4614,319,Employed,Business,4,3,0
L1369,C5369,33745,36,18.93,4053,572,Employed,Education,5,2,0
L1370,C5370,24093,48,11.8,8261,418,Self-Employed,Medical,2,3,0
L1371,C5371,1569,12,19.5,1500,815,Unemployed,Medical,4,4,0
L1372,C5372,39210,60,6.31,16138,520,Self-Employed,Education,7,1,0
L1373,C5373,35663,48,11.31,18272,825,Employed,Medical,5,0,0
L1374,C5374,37631,12,15.79,5950,814,Employed,Business,3,3,0
L1375,C5375,46681,48,20.81,4212,635,Unemployed,Medical,1,3,0
L1376,C5376,8455,60,11.38,1867,354,Self-Employed,Personal,8,2,0
L1377,C5377,5014,24,17.52,8689,799,Unemployed,Home Improvement,0,4,0
L1378,C5378,12093,24,22.72,9513,835,Self-Employed,Business,0,2,0
L1379,C5379,19070,24,17.32,17338,461,Employed,Personal,3,2,1
L1380,C5380,36777,24,9.66,19656,458,Unemployed,Education,6,4,1
L1381,C5381,17538,6,5.49,4226,487,Unemployed,Business,0,0,1
L1382,C5382,11729,24,22.4,5306,359,Employed,Home Improvement,8,2,0
L1383,C5383,35177,60,5.43,2690,618,Unemployed,Home Improvement,3,2,0
L1384,C5384,46017,36,22.49,9608,510,Self-Employed,Education,2,3,0
L1385,C5385,1784,36,15.58,12678,705,Self-Employed,Education,0,4,0
L1386,C5386,28751,6,23.78,3375,408,Self-Employed,Business,9,1,0
L1387,C5387,41864,24,20.98,6092,375,Self-Employed,Medical,3,0,0
L1388,C5388,41328,24,24.96,18324,841,Employed,Education,8,0,1
L1389,C5389,13533,24,12.01,13092,613,Unemployed,Medical,9,4,0
L1390,C5390,41111,48,20.34,9427,416,Self-Employed,Personal,5,3,1
L1391,C5391,40974,12,13.04,14937,318,Employed,Home Improvement,5,3,0
L1392,C5392,6801,48,14.6,12030,731,Unemployed,Medical,0,4,0
L1393,C5393,20190,12,17.55,7510,649,Unemployed,Home Improvement,9,3,0
L1394,C5394,39754,24,22.47,11707,482,Employed,Medical,1,0,0
L1395,C5395,30592,24,24.68,3489,412,Employed,Personal,5,0,1
L1396,C5396,11647,48,20.37,12540,482,Self-Employed,Education,1,1,0
L1397,C5397,9716,48,13.36,9718,780,Unemployed,Personal,2,4,0
L1398,C5398,24355,12,13.43,6971,445,Unemployed,Education,3,2,1
L1399,C5399,23009,36,19.75,3363,412,Employed,Education,4,2,0
L1400,C5400,25376,12,9.78,11193,775,Unemployed,Home Improvement,8,1,1
L1401,C5401,46091,48,7.21,1677,602,Self-Employed,Personal,3,1,0
L1402,C5402,5780,60,12.09,5260,417,Unemployed,Medical,8,3,0
L1403,C5403,3368,48,10.74,511,460,Employed,Personal,9,1,0
L1404,C5404,13039,60,10.93,16853,700,Employed,Home Improvement,2,1,0
L1405,C5405,7655,6,9.67,12056,497,Self-Employed,Education,7,2,0
L1406,C5406,41941,48,5.84,12063,559,Self-Employed,Home Improvement,0,3,0
L1407,C5407,5495,6,5.36,14551,346,Unemployed,Business,8,1,1
L1408,C5408,11893,36,24.75,11522,698,Unemployed,Business,8,1,1
L1409,C5409,26547,12,13.56,8734,377,Employed,Medical,9,3,0
L1410,C5410,23386,60,12.69,16673,423,Self-Employed,Home Improvement,1,4,0
L1411,C5411,14403,12,18.59,13678,374,Self-Employed,Medical,3,3,0
L1412,C5412,33097,6,9.37,7070,436,Self-Employed,Medical,7,2,0
L1413,C5413,14121,60,24.0,906,699,Unemployed,Business,6,4,0
L1414,C5414,11966,12,20.73,9706,804,Self-Employed,Medical,0,0,0
L1415,C5415,34621,48,6.79,4931,799,Employed,Business,4,3,0
L1416,C5416,29312,24,13.35,7042,437,Employed,Education,6,2,0
L1417,C5417,23677,6,22.58,9406,349,Unemployed,Home Improvement,3,4,1
L1418,C5418,32289,12,23.89,4646,553,Unemployed,Medical,0,3,0
L1419,C5419,32024,6,14.35,12546,725,Self-Employed,Business,8,1,0
L1420,C5420,43675,6,17.27,13111,846,Unemployed,Personal,4,3,0
L1421,C5421,5777,60,8.34,13576,601,Employed,Medical,1,0,0
L1422,C5422,30749,60,24.82,17024,648,Self-Employed,Education,7,3,0
L1423,C5423,16338,24,9.63,5382,348,Employed,Education,1,4,0
L1424,C5424,3491,48,23.85,14613,373,Self-Employed,Personal,2,4,1
L1425,C5425,28236,6,17.99,14145,560,Unemployed,Business,9,3,0
L1426,C5426,49096,12,17.15,6512,655,Self-Employed,Medical,0,4,0
L1427,C5427,15599,36,15.25,17847,559,Self-Employed,Business,1,1,1
L1428,C5428,20508,6,9.61,7651,594,Employed,Education,6,3,1
L1429,C5429,4051,6,8.53,4110,612,Employed,Business,9,1,0
L1430,C5430,49747,24,9.41,10384,481,Self-Employed,Education,1,1,0
L1431,C5431,22606,48,8.73,7394,663,Unemployed,Business,5,2,0
L1432,C5432,22699,36,20.59,13967,487,Unemployed,Personal,2,3,0
L1433,C5433,1876,60,12.0,16989,842,Employed,Home Improvement,3,4,0
L1434,C5434,33093,60,6.16,10373,847,Unemployed,Personal,7,1,0
L1435,C5435,5142,12,24.38,12789,707,Employed,Personal,2,2,0
L1436,C5436,16202,36,22.68,12708,713,Unemployed,Home Improvement,9,3,0
L1437,C5437,40734,60,23.56,11328,641,Self-Employed,Home Improvement,5,3,0
L1438,C5438,8079,12,24.9,2637,519,Employed,Medical,0,0,0
L1439,C5439,8987,48,8.48,1786,462,Employed,Medical,6,0,0
L1440,C5440,40567,12,12.92,16210,519,Self-Employed,Personal,7,1,0
L1441,C5441,29940,60,20.16,11871,569,Employed,Personal,7,0,0
L1442,C5442,38233,24,18.92,16445,699,Unemployed,Education,2,1,0
L1443,C5443,18019,24,8.08,7552,481,Unemployed,Education,9,4,0
L1444,C5444,47185,24,21.32,4154,504,Employed,Medical,0,1,0
L1445,C5445,19077,60,9.49,19243,527,Unemployed,Medical,8,0,0
L1446,C5446,27258,24,9.48,16100,549,Employed,Education,5,4,0
L1447,C5447,22136,36,15.74,9136,740,Self-Employed,Education,8,0,1
L1448,C5448,9311,48,16.86,6941,832,Employed,Business,6,1,1
L1449,C5449,18214,12,16.6,10167,495,Self-Employed,Business,0,2,0
L1450,C5450,15098,12,6.83,12649,818,Unemployed,Education,0,3,0
L1451,C5451,29251,60,22.55,2298,369,Self-Employed,Business,5,0,0
L1452,C5452,38945,24,10.31,10100,698,Unemployed,Home Improvement,4,1,0
L1453,C5453,48030,24,7.59,5995,502,Employed,Medical,8,4,0
L1454,C5454,26945,6,22.77,10400,447,Unemployed,Medical,1,0,1
L1455,C5455,26316,48,24.11,14173,771,Employed,Education,7,0,0
L1456,C5456,33217,36,22.24,11630,498,Employed,Personal,4,3,0
L1457,C5457,9308,12,21.19,15722,725,Self-Employed,Education,1,1,1
L1458,C5458,6949,6,18.1,1800,791,Self-Employed,Business,9,2,1
L1459,C5459,2150,6,16.02,9935,441,Self-Employed,Personal,5,4,1
L1460,C5460,24944,60,6.74,19981,612,Self-Employed,Business,9,1,0
L1461,C5461,35699,12,13.17,5116,464,Unemployed,Home Improvement,7,4,0
L1462,C5462,10204,60,12.45,16893,613,Unemployed,Business,3,0,0
L1463,C5463,2081,36,10.2,11117,320,Unemployed,Home Improvement,1,3,0
L1464,C5464,30305,6,19.47,6252,381,Employed,Home Improvement,4,3,0
L1465,C5465,17896,6,14.92,10352,430,Unemployed,Business,1,2,0
L1466,C5466,47175,48,6.62,6795,604,Unemployed,Business,1,3,1
L1467,C5467,8805,36,9.4,17956,670,Unemployed,Home Improvement,5,0,0
L1468,C5468,6237,6,18.67,3725,683,Self-Employed,Personal,9,2,0
L1469,C5469,21056,36,6.52,1816,744,Unemployed,Home Improvement,8,1,0
L1470,C5470,46543,12,22.02,12837,724,Employed,Medical,3,3,0
L1471,C5471,46952,24,14.9,7307,460,Self-Employed,Home Improvement,5,2,0
L1472,C5472,4343,6,14.61,4183,477,Employed,Personal,6,0,0
L1473,C5473,14500,48,16.85,7727,789,Unemployed,Medical,5,4,0
L1474,C5474,30375,12,21.49,3773,626,Self-Employed,Education,7,4,1
L1475,C5475,10662,36,11.96,645,588,Employed,Education,3,0,0
L1476,C5476,17964,60,18.56,5510,653,Unemployed,Personal,0,0,1
L1477,C5477,48893,12,16.31,16535,327,Employed,Home Improvement,6,4,0
L1478,C5478,9130,6,10.34,3540,342,Employed,Business,2,2,0
L1479,C5479,20531,36,22.57,10154,722,Employed,Personal,5,4,0
L1480,C5480,2679,24,20.95,17366,476,Unemployed,Medical,1,0,0
L1481,C5481,4506,12,18.17,18133,828,Unemployed,Medical,8,3,0
L1482,C5482,14284,6,22.01,17514,793,Employed,Education,0,1,0
L1483,C5483,8253,48,22.35,15496,497,Self-Employed,Medical,5,3,1
L1484,C5484,20128,60,19.17,16836,816,Self-Employed,Personal,5,3,1
L1485,C5485,28932,36,21.74,9353,813,Unemployed,Medical,4,0,0
L1486,C5486,10435,12,18.95,12195,321,Unemployed,Personal,4,4,1
L1487,C5487,45078,12,18.6,3352,411,Unemployed,Business,0,2,0
L1488,C5488,14296,24,17.37,16514,356,Unemployed,Education,9,3,1
L1489,C5489,31445,24,20.05,1487,365,Unemployed,Medical,4,4,0
L1490,C5490,14245,48,8.17,8122,397,Self-Employed,Personal,1,2,0
L1491,C5491,30124,60,22.62,9660,443,Unemployed,Home Improvement,6,3,1
L1492,C5492,30899,48,22.44,17984,734,Employed,Education,2,2,0
L1493,C5493,44919,6,5.58,7152,385,Employed,Business,3,4,1
L1494,C5494,44225,6,21.52,7921,643,Self-Employed,Personal,2,1,0
L1495,C5495,36247,48,7.58,1269,593,Employed,Business,2,4,0
L1496,C5496,30222,60,11.7,18227,542,Self-Employed,Business,3,0,0
L1497,C5497,27211,48,19.87,14614,331,Self-Employed,Medical,4,2,0
L1498,C5498,38220,60,8.22,4858,690,Employed,Medical,0,1,0
L1499,C5499,27646,60,21.36,12043,576,Unemployed,Personal,3,2,1
